{"cameraMode":{"drawMode":0,"name":"Shaded","section":"Shading Mode"},"sceneLighting":false,"audioPlay":false,"sceneViewState":{"m_AlwaysRefresh":false,"showFog":true,"showSkybox":false,"showFlares":true,"showImageEffects":true,"showParticleSystems":true,"showVisualEffectGraphs":true,"m_FxEnabled":true},"in2DMode":false,"pivot":{"x":0.05510652810335159,"y":2.1389594078063967,"z":-0.04515180364251137},"rotation":{"x":-0.0008782207733020186,"y":-0.9873883724212647,"z":0.15833136439323426,"w":-0.005315576214343309},"size":0.5625110864639282,"orthographic":false}